id,name,reason_id:id
0_mail_com,0-mail.com,block_reason_common
0815_ru,0815.ru,block_reason_common
0clickemail_com,0clickemail.com,block_reason_common
0sg_net,0sg.net,block_reason_common
0wnd_net,0wnd.net,block_reason_common
0wnd_org,0wnd.org,block_reason_common
10minutemail_com,10minutemail.com,block_reason_common
12hourmail_com,12hourmail.com,block_reason_common
1chuan_com,1chuan.com,block_reason_common
1zhuan_com,1zhuan.com,block_reason_common
20minutemail_com,20minutemail.com,block_reason_common
21cn_com,21cn.com,block_reason_common
2prong_com,2prong.com,block_reason_common
30minutemail_com,30minutemail.com,block_reason_common
30minutesmail_com,30minutesmail.com,block_reason_common
3126_com,3126.com,block_reason_common
3d_painting_com,3d-painting.com,block_reason_common
4warding_com,4warding.com,block_reason_common
4warding_net,4warding.net,block_reason_common
4warding_org,4warding.org,block_reason_common
50e_info,50e.info,block_reason_common
60minutemail_com,60minutemail.com,block_reason_common
675hosting_com,675hosting.com,block_reason_common
675hosting_net,675hosting.net,block_reason_common
675hosting_org,675hosting.org,block_reason_common
6url_com,6url.com,block_reason_common
75hosting_com,75hosting.com,block_reason_common
75hosting_net,75hosting.net,block_reason_common
75hosting_org,75hosting.org,block_reason_common
9ox_net,9ox.net,block_reason_common
a_bc_net,a-bc.net,block_reason_common
abcdefghijklmnopqrstuvwxyzabcdefghijklmnopqrstuvwxyzabcdefghijk_com,abcdefghijklmnopqrstuvwxyzabcdefghijklmnopqrstuvwxyzabcdefghijk.com,block_reason_common
abwesend_de,abwesend.de,block_reason_common
addcom_de,addcom.de,block_reason_common
afrobacon_com,afrobacon.com,block_reason_common
agnitumhost_net,agnitumhost.net,block_reason_common
ajaxapp_net,ajaxapp.net,block_reason_common
alpenjodel_de,alpenjodel.de,block_reason_common
alphafrau_de,alphafrau.de,block_reason_common
amilegit_com,amilegit.com,block_reason_common
amiri_net,amiri.net,block_reason_common
amiriindustries_com,amiriindustries.com,block_reason_common
amorki_pl,amorki.pl,block_reason_common
anonbox_net,anonbox.net,block_reason_common
anonymbox_com,anonymbox.com,block_reason_common
antichef_com,antichef.com,block_reason_common
antichef_net,antichef.net,block_reason_common
antispam_de,antispam.de,block_reason_common
antispam24_de,antispam24.de,block_reason_common
autosfromus_com,autosfromus.com,block_reason_common
baldmama_de,baldmama.de,block_reason_common
baldpapa_de,baldpapa.de,block_reason_common
ballyfinance_com,ballyfinance.com,block_reason_common
baxomale_ht_cx,baxomale.ht.cx,block_reason_common
beefmilk_com,beefmilk.com,block_reason_common
betriebsdirektor_de,betriebsdirektor.de,block_reason_common
bigmir_net,bigmir.net,block_reason_common
bin_wieder_da_de,bin-wieder-da.de,block_reason_common
binkmail_com,binkmail.com,block_reason_common
bio_muesli_info,bio-muesli.info,block_reason_common
bio_muesli_net,bio-muesli.net,block_reason_common
bleib_bei_mir_de,bleib-bei-mir.de,block_reason_common
blockfilter_com,blockfilter.com,block_reason_common
bluebottle_com,bluebottle.com,block_reason_common
bobmail_info,bobmail.info,block_reason_common
bodhi_lawlita_com,bodhi.lawlita.com,block_reason_common
bofthew_com,bofthew.com,block_reason_common
bonbon_net,bonbon.net,block_reason_common
brefmail_com,brefmail.com,block_reason_common
briefemail_com,briefemail.com,block_reason_common
brokenvalve_com,brokenvalve.com,block_reason_common
brokenvalve_org,brokenvalve.org,block_reason_common
bsnow_net,bsnow.net,block_reason_common
bspamfree_org,bspamfree.org,block_reason_common
buerotiger_de,buerotiger.de,block_reason_common
bugmenot_com,bugmenot.com,block_reason_common
bumpymail_com,bumpymail.com,block_reason_common
buy_24h_net_ru,buy-24h.net.ru,block_reason_common
cashette_com,cashette.com,block_reason_common
casualdx_com,casualdx.com,block_reason_common
center_mail_de,center-mail.de,block_reason_common
centermail_at,centermail.at,block_reason_common
centermail_ch,centermail.ch,block_reason_common
centermail_com,centermail.com,block_reason_common
centermail_de,centermail.de,block_reason_common
centermail_info,centermail.info,block_reason_common
centermail_net,centermail.net,block_reason_common
cghost_s_a_d_de,cghost.s-a-d.de,block_reason_common
chogmail_com,chogmail.com,block_reason_common
choicemail1_com,choicemail1.com,block_reason_common
chongsoft_org,chongsoft.org,block_reason_common
cool_fr_nf,cool.fr.nf,block_reason_common
coole_files_de,coole-files.de,block_reason_common
correo_blogos_net,correo.blogos.net,block_reason_common
cosmorph_com,cosmorph.com,block_reason_common
courriel_fr_nf,courriel.fr.nf,block_reason_common
courrieltemporaire_com,courrieltemporaire.com,block_reason_common
cubiclink_com,cubiclink.com,block_reason_common
curryworld_de,curryworld.de,block_reason_common
cust_in,cust.in,block_reason_common
cyber_matrix_com,cyber-matrix.com,block_reason_common
dacoolest_com,dacoolest.com,block_reason_common
dandikmail_com,dandikmail.com,block_reason_common
dating4best_net,dating4best.net,block_reason_common
dayrep_com,dayrep.com,block_reason_common
deadaddress_com,deadaddress.com,block_reason_common
deadspam_com,deadspam.com,block_reason_common
deagot_com,deagot.com,block_reason_common
despam_it,despam.it,block_reason_common
despammed_com,despammed.com,block_reason_common
devnullmail_com,devnullmail.com,block_reason_common
dfgh_net,dfgh.net,block_reason_common
die_besten_bilder_de,die-besten-bilder.de,block_reason_common
die_genossen_de,die-genossen.de,block_reason_common
die_optimisten_de,die-optimisten.de,block_reason_common
die_optimisten_net,die-optimisten.net,block_reason_common
dieMailbox_de,dieMailbox.de,block_reason_common
digital_filestore_de,digital-filestore.de,block_reason_common
digitalsanctuary_com,digitalsanctuary.com,block_reason_common
DingBone_com,DingBone.com,block_reason_common
directbox_com,directbox.com,block_reason_common
discardmail_asterisk,discardmail.*,block_reason_common
discardmail_com,discardmail.com,block_reason_common
discardmail_de,discardmail.de,block_reason_common
discartmail_com,discartmail.com,block_reason_common
disposableaddress_com,disposableaddress.com,block_reason_common
disposeamail_com,disposeamail.com,block_reason_common
disposemail_com,disposemail.com,block_reason_common
dispostable_com,dispostable.com,block_reason_common
dm_w3internet_co_uk,dm.w3internet.co.uk,block_reason_common
docmail_cz,docmail.cz,block_reason_common
dodgeit_com,dodgeit.com,block_reason_common
dodgit_com,dodgit.com,block_reason_common
dodgit_org,dodgit.org,block_reason_common
dogit_com,dogit.com,block_reason_common
donemail_ru,donemail.ru,block_reason_common
dontreg_com,dontreg.com,block_reason_common
dontsendmespam_de,dontsendmespam.de,block_reason_common
dontsentmespam_de,dontsentmespam.de,block_reason_common
download_privat_de,download-privat.de,block_reason_common
dump_email_info,dump-email.info,block_reason_common
dumpandjunk_com,dumpandjunk.com,block_reason_common
dumpmail_com,dumpmail.com,block_reason_common
dumpmail_de,dumpmail.de,block_reason_common
dumpyemail_com,dumpyemail.com,block_reason_common
dyndns_org,dyndns.org,block_reason_common
e_mail_com,e-mail.com,block_reason_common
e_mail_org,e-mail.org,block_reason_common
e4ward_com,e4ward.com,block_reason_common
eintagsmail_de,eintagsmail.de,block_reason_common
email_org,email.org,block_reason_common
email4u_info,email4u.info,block_reason_common
email60_com,email60.com,block_reason_common
emaildienst_de,emaildienst.de,block_reason_common
emailias_com,emailias.com,block_reason_common
emailigo_de,emailigo.de,block_reason_common
emailinfive_com,emailinfive.com,block_reason_common
emailmiser_com,emailmiser.com,block_reason_common
emailsensei_com,emailsensei.com,block_reason_common
emailtaxi_de,emailtaxi.de,block_reason_common
emailtemporanea_net,emailtemporanea.net,block_reason_common
emailtemporario_com_br,emailtemporario.com.br,block_reason_common
emailto_de,emailto.de,block_reason_common
emailwarden_com,emailwarden.com,block_reason_common
emailx_at_hm,emailx.at.hm,block_reason_common
emailxfer_com,emailxfer.com,block_reason_common
emz_net,emz.net,block_reason_common
enterto_com,enterto.com,block_reason_common
ephemail_net,ephemail.net,block_reason_common
etranquil_com,etranquil.com,block_reason_common
etranquil_net,etranquil.net,block_reason_common
etranquil_org,etranquil.org,block_reason_common
example_com,example.com,block_reason_common
explodemail_com,explodemail.com,block_reason_common
fahr_zur_hoelle_org,fahr-zur-hoelle.org,block_reason_common
fakeinbox_com,fakeinbox.com,block_reason_common
fakeinformation_com,fakeinformation.com,block_reason_common
falseaddress_com,falseaddress.com,block_reason_common
fantasymail_de,fantasymail.de,block_reason_common
farifluset_mailexpire_com,farifluset.mailexpire.com,block_reason_common
fastacura_com,fastacura.com,block_reason_common
fastchevy_com,fastchevy.com,block_reason_common
fastchrysler_com,fastchrysler.com,block_reason_common
fastkawasaki_com,fastkawasaki.com,block_reason_common
fastmazda_com,fastmazda.com,block_reason_common
fastmitsubishi_com,fastmitsubishi.com,block_reason_common
fastnissan_com,fastnissan.com,block_reason_common
fastsubaru_com,fastsubaru.com,block_reason_common
fastsuzuki_com,fastsuzuki.com,block_reason_common
fasttoyota_com,fasttoyota.com,block_reason_common
fastyamaha_com,fastyamaha.com,block_reason_common
feinripptraeger_de,feinripptraeger.de,block_reason_common
fettabernett_de,fettabernett.de,block_reason_common
filzmail_com,filzmail.com,block_reason_common
fishfuse_com,fishfuse.com,block_reason_common
fizmail_com,fizmail.com,block_reason_common
forgetmail_com,forgetmail.com,block_reason_common
fr33mail_info,fr33mail.info,block_reason_common
frapmail_com,frapmail.com,block_reason_common
freemeilaadressforall_net,freemeilaadressforall.net,block_reason_common
freudenkinder_de,freudenkinder.de,block_reason_common
fromru_com,fromru.com,block_reason_common
front14_org,front14.org,block_reason_common
fuckingduh_com,fuckingduh.com,block_reason_common
FudgeRub_com,FudgeRub.com,block_reason_common
fux0ringduh_com,fux0ringduh.com,block_reason_common
garliclife_com,garliclife.com,block_reason_common
gawab_com,gawab.com,block_reason_common
gentlemansclub_de,gentlemansclub.de,block_reason_common
get1mail_com,get1mail.com,block_reason_common
get2mail_fr,get2mail.fr,block_reason_common
getonemail_com,getonemail.com,block_reason_common
getonemail_net,getonemail.net,block_reason_common
ghosttexter_de,ghosttexter.de,block_reason_common
girlsundertheinfluence_com,girlsundertheinfluence.com,block_reason_common
gishpuppy_com,gishpuppy.com,block_reason_common
gold_profits_info,gold-profits.info,block_reason_common
goldtoolbox_com,goldtoolbox.com,block_reason_common
golfilla_info,golfilla.info,block_reason_common
gowikibooks_com,gowikibooks.com,block_reason_common
gowikicampus_com,gowikicampus.com,block_reason_common
gowikicars_com,gowikicars.com,block_reason_common
gowikifilms_com,gowikifilms.com,block_reason_common
gowikigames_com,gowikigames.com,block_reason_common
gowikimusic_com,gowikimusic.com,block_reason_common
gowikinetwork_com,gowikinetwork.com,block_reason_common
gowikitravel_com,gowikitravel.com,block_reason_common
gowikitv_com,gowikitv.com,block_reason_common
great_host_in,great-host.in,block_reason_common
greensloth_com,greensloth.com,block_reason_common
gsrv_co_uk,gsrv.co.uk,block_reason_common
guerillamail_biz,guerillamail.biz,block_reason_common
guerillamail_com,guerillamail.com,block_reason_common
guerillamail_net,guerillamail.net,block_reason_common
guerillamail_org,guerillamail.org,block_reason_common
guerrillamail_biz,guerrillamail.biz,block_reason_common
guerrillamail_com,guerrillamail.com,block_reason_common
guerrillamail_de,guerrillamail.de,block_reason_common
guerrillamail_info,guerrillamail.info,block_reason_common
guerrillamail_net,guerrillamail.net,block_reason_common
guerrillamail_org,guerrillamail.org,block_reason_common
guerrillamailblock_com,guerrillamailblock.com,block_reason_common
h_mintemail_com,h.mintemail.com,block_reason_common
h8s_org,h8s.org,block_reason_common
hab_verschlafen_de,hab-verschlafen.de,block_reason_common
habmalnefrage_de,habmalnefrage.de,block_reason_common
haltospam_com,haltospam.com,block_reason_common
hatespam_org,hatespam.org,block_reason_common
herr_der_mails_de,herr-der-mails.de,block_reason_common
hidemail_de,hidemail.de,block_reason_common
hmamail_com,hmamail.com,block_reason_common
hochsitze_com,hochsitze.com,block_reason_common
home_de,home.de,block_reason_common
hotpop_com,hotpop.com,block_reason_common
hulapla_de,hulapla.de,block_reason_common
hush_com,hush.com,block_reason_common
hushmail_com,hushmail.com,block_reason_common
ich_bin_verrueckt_nach_dir_de,ich-bin-verrueckt-nach-dir.de,block_reason_common
ich_will_net_de,ich-will-net.de,block_reason_common
ieatspam_eu,ieatspam.eu,block_reason_common
ieatspam_info,ieatspam.info,block_reason_common
ihateyoualot_info,ihateyoualot.info,block_reason_common
iheartspam_org,iheartspam.org,block_reason_common
imails_info,imails.info,block_reason_common
imstations_com,imstations.com,block_reason_common
inbox2_info,inbox2.info,block_reason_common
inboxclean_com,inboxclean.com,block_reason_common
inboxclean_org,inboxclean.org,block_reason_common
incognitomail_com,incognitomail.com,block_reason_common
incognitomail_net,incognitomail.net,block_reason_common
incognitomail_org,incognitomail.org,block_reason_common
inerted_com,inerted.com,block_reason_common
inmail24_com,inmail24.com,block_reason_common
insorg_mail_info,insorg-mail.info,block_reason_common
ipoo_org,ipoo.org,block_reason_common
irish2me_com,irish2me.com,block_reason_common
ist_allein_info,ist-allein.info,block_reason_common
ist_einmalig_de,ist-einmalig.de,block_reason_common
ist_ganz_allein_de,ist-ganz-allein.de,block_reason_common
ist_willig_de,ist-willig.de,block_reason_common
iwi_net,iwi.net,block_reason_common
izmail_net,izmail.net,block_reason_common
jetable_com,jetable.com,block_reason_common
jetable_de,jetable.de,block_reason_common
jetable_fr_nf,jetable.fr.nf,block_reason_common
jetable_net,jetable.net,block_reason_common
jetable_org,jetable.org,block_reason_common
jetfix_ee,jetfix.ee,block_reason_common
jetzt_bin_ich_dran_com,jetzt-bin-ich-dran.com,block_reason_common
jn_club_de,jn-club.de,block_reason_common
jnxjn_com,jnxjn.com,block_reason_common
junk1e_com,junk1e.com,block_reason_common
junkmail_com,junkmail.com,block_reason_common
kaffeeschluerfer_com,kaffeeschluerfer.com,block_reason_common
kaffeeschluerfer_de,kaffeeschluerfer.de,block_reason_common
kasmail_com,kasmail.com,block_reason_common
kaspop_com,kaspop.com,block_reason_common
keepmymail_com,keepmymail.com,block_reason_common
killmail_com,killmail.com,block_reason_common
killmail_net,killmail.net,block_reason_common
kinglibrary_net,kinglibrary.net,block_reason_common
kir_ch_tc,kir.ch.tc,block_reason_common
klassmaster_com,klassmaster.com,block_reason_common
klassmaster_net,klassmaster.net,block_reason_common
klzlk_com,klzlk.com,block_reason_common
kommespaeter_de,kommespaeter.de,block_reason_common
krim_ws,krim.ws,block_reason_common
kuh_mu,kuh.mu,block_reason_common
kulturbetrieb_info,kulturbetrieb.info,block_reason_common
kurzepost_de,kurzepost.de,block_reason_common
lass_es_geschehen_de,lass-es-geschehen.de,block_reason_common
lhsdv_com,lhsdv.com,block_reason_common
liebt_dich_info,liebt-dich.info,block_reason_common
lifebyfood_com,lifebyfood.com,block_reason_common
link2mail_net,link2mail.net,block_reason_common
listomail_com,listomail.com,block_reason_common
litedrop_com,litedrop.com,block_reason_common
lol_ovpn_to,lol.ovpn.to,block_reason_common
lookugly_com,lookugly.com,block_reason_common
lopl_co_cc,lopl.co.cc,block_reason_common
lortemail_dk,lortemail.dk,block_reason_common
loveyouforever_de,loveyouforever.de,block_reason_common
lr78_com,lr78.com,block_reason_common
m4ilweb_info,m4ilweb.info,block_reason_common
maboard_com,maboard.com,block_reason_common
maennerversteherin_com,maennerversteherin.com,block_reason_common
maennerversteherin_de,maennerversteherin.de,block_reason_common
mail_htl22_at,mail.htl22.at,block_reason_common
mail_mezimages_net,mail.mezimages.net,block_reason_common
mail_misterpinball_de,mail.misterpinball.de,block_reason_common
mail_svenz_eu,mail.svenz.eu,block_reason_common
mail_temporaire_fr,mail-temporaire.fr,block_reason_common
mail15_com,mail15.com,block_reason_common
mail2rss_org,mail2rss.org,block_reason_common
mail333_com,mail333.com,block_reason_common
mail4days_com,mail4days.com,block_reason_common
mail4trash_com,mail4trash.com,block_reason_common
mail4u_info,mail4u.info,block_reason_common
mailbidon_com,mailbidon.com,block_reason_common
mailblocks_com,mailblocks.com,block_reason_common
mailbucket_org,mailbucket.org,block_reason_common
mailcatch_asterisk,mailcatch.*,block_reason_common
mailcatch_com,mailcatch.com,block_reason_common
maileater_com,maileater.com,block_reason_common
mailexpire_com,mailexpire.com,block_reason_common
mailfreeonline_com,mailfreeonline.com,block_reason_common
mailin8r_com,mailin8r.com,block_reason_common
mailinater_com,mailinater.com,block_reason_common
mailinator_com,mailinator.com,block_reason_common
mailinator_net,mailinator.net,block_reason_common
mailinator2_com,mailinator2.com,block_reason_common
mailinblack_com,mailinblack.com,block_reason_common
mailincubator_com,mailincubator.com,block_reason_common
mailme_ir,mailme.ir,block_reason_common
mailme_lv,mailme.lv,block_reason_common
mailmetrash_com,mailmetrash.com,block_reason_common
mailmoat_com,mailmoat.com,block_reason_common
mailnator_com,mailnator.com,block_reason_common
mailnesia_com,mailnesia.com,block_reason_common
mailnull_com,mailnull.com,block_reason_common
mailquack_com,mailquack.com,block_reason_common
MailScrap_com,MailScrap.com,block_reason_common
mailshell_com,mailshell.com,block_reason_common
mailsiphon_com,mailsiphon.com,block_reason_common
mailslite_com,mailslite.com,block_reason_common
mailtrash_net,mailtrash.net,block_reason_common
mailueberfall_de,mailueberfall.de,block_reason_common
mailzilla_com,mailzilla.com,block_reason_common
mailzilla_org,mailzilla.org,block_reason_common
makemetheking_com,makemetheking.com,block_reason_common
mamber_net,mamber.net,block_reason_common
mbx_cc,mbx.cc,block_reason_common
mega_zik_dj,mega.zik.dj,block_reason_common
meine_dateien_info,meine-dateien.info,block_reason_common
meine_diashow_de,meine-diashow.de,block_reason_common
meine_fotos_info,meine-fotos.info,block_reason_common
meine_urlaubsfotos_de,meine-urlaubsfotos.de,block_reason_common
meinspamschutz_de,meinspamschutz.de,block_reason_common
meltmail_com,meltmail.com,block_reason_common
messagebeamer_de,messagebeamer.de,block_reason_common
metaping_com,metaping.com,block_reason_common
mierdamail_com,mierdamail.com,block_reason_common
mintemail_com,mintemail.com,block_reason_common
mns_ru,mns.ru,block_reason_common
moncourrier_fr_nf,moncourrier.fr.nf,block_reason_common
monemail_fr_nf,monemail.fr.nf,block_reason_common
monmail_fr_nf,monmail.fr.nf,block_reason_common
msa_minsmail_com,msa.minsmail.com,block_reason_common
msh_mailslite_com,msh.mailslite.com,block_reason_common
mt2009_com,mt2009.com,block_reason_common
mufmail_com,mufmail.com,block_reason_common
muskelshirt_de,muskelshirt.de,block_reason_common
mx0_wwwnew_eu,mx0.wwwnew.eu,block_reason_common
my_mail_ch,my-mail.ch,block_reason_common
myadult_info,myadult.info,block_reason_common
mycleaninbox_net,mycleaninbox.net,block_reason_common
mymail_in_net,mymail-in.net,block_reason_common
mypartyclip_de,mypartyclip.de,block_reason_common
myphantomemail_com,myphantomemail.com,block_reason_common
myspaceinc_com,myspaceinc.com,block_reason_common
myspaceinc_net,myspaceinc.net,block_reason_common
myspaceinc_org,myspaceinc.org,block_reason_common
myspacepimpedup_com,myspacepimpedup.com,block_reason_common
myspamless_com,myspamless.com,block_reason_common
mytempemail_com,mytempemail.com,block_reason_common
mytop_in_net,mytop-in.net,block_reason_common
mytrashmail_com,mytrashmail.com,block_reason_common
mytrashmail_compookmail_com,mytrashmail.compookmail.com,block_reason_common
neomailbox_com,neomailbox.com,block_reason_common
nepwk_com,nepwk.com,block_reason_common
nervmich_net,nervmich.net,block_reason_common
nervtmich_net,nervtmich.net,block_reason_common
netmails_com,netmails.com,block_reason_common
netmails_net,netmails.net,block_reason_common
netterchef_de,netterchef.de,block_reason_common
netzidiot_de,netzidiot.de,block_reason_common
neue_dateien_de,neue-dateien.de,block_reason_common
neverbox_com,neverbox.com,block_reason_common
no_spam_ws,no-spam.ws,block_reason_common
nobulk_com,nobulk.com,block_reason_common
noclickemail_com,noclickemail.com,block_reason_common
nogmailspam_info,nogmailspam.info,block_reason_common
nomail_xl_cx,nomail.xl.cx,block_reason_common
nomail2me_com,nomail2me.com,block_reason_common
nomorespamemails_com,nomorespamemails.com,block_reason_common
nospam_ze_tc,nospam.ze.tc,block_reason_common
nospam4_us,nospam4.us,block_reason_common
nospamfor_us,nospamfor.us,block_reason_common
nospammail_net,nospammail.net,block_reason_common
nospamthanks_info,nospamthanks.info,block_reason_common
notmailinator_com,notmailinator.com,block_reason_common
notsharingmy_info,notsharingmy.info,block_reason_common
nowmymail_com,nowmymail.com,block_reason_common
nullbox_info,nullbox.info,block_reason_common
nur_fuer_spam_de,nur-fuer-spam.de,block_reason_common
nurfuerspam_de,nurfuerspam.de,block_reason_common
nwldx_com,nwldx.com,block_reason_common
nybella_com,nybella.com,block_reason_common
objectmail_com,objectmail.com,block_reason_common
obobbo_com,obobbo.com,block_reason_common
office_dateien_de,office-dateien.de,block_reason_common
oikrach_com,oikrach.com,block_reason_common
oneoffemail_com,oneoffemail.com,block_reason_common
onewaymail_com,onewaymail.com,block_reason_common
oopi_org,oopi.org,block_reason_common
orangatango_com,orangatango.com,block_reason_common
ordinaryamerican_net,ordinaryamerican.net,block_reason_common
otherinbox_com,otherinbox.com,block_reason_common
ourklips_com,ourklips.com,block_reason_common
outlawspam_com,outlawspam.com,block_reason_common
ovpn_to,ovpn.to,block_reason_common
owlpic_com,owlpic.com,block_reason_common
pancakemail_com,pancakemail.com,block_reason_common
partybombe_de,partybombe.de,block_reason_common
partyheld_de,partyheld.de,block_reason_common
phreaker_net,phreaker.net,block_reason_common
pimpedupmyspace_com,pimpedupmyspace.com,block_reason_common
pisem_net,pisem.net,block_reason_common
pjjkp_com,pjjkp.com,block_reason_common
pleasedontsendmespam_de,pleasedontsendmespam.de,block_reason_common
politikerclub_de,politikerclub.de,block_reason_common
polizisten_duzer_de,polizisten-duzer.de,block_reason_common
poofy_org,poofy.org,block_reason_common
pookmail_com,pookmail.com,block_reason_common
pornobilder_mal_gratis_com,pornobilder-mal-gratis.com,block_reason_common
portsaid_cc,portsaid.cc,block_reason_common
postfach_cc,postfach.cc,block_reason_common
privacy_net,privacy.net,block_reason_common
privy_mail_com,privy-mail.com,block_reason_common
proxymail_eu,proxymail.eu,block_reason_common
prtnx_com,prtnx.com,block_reason_common
prydirect_info,prydirect.info,block_reason_common
pryworld_info,pryworld.info,block_reason_common
public_files_de,public-files.de,block_reason_common
punkass_com,punkass.com,block_reason_common
put2_net,put2.net,block_reason_common
putthisinyourspamdatabase_com,putthisinyourspamdatabase.com,block_reason_common
qq_com,qq.com,block_reason_common
quantentunnel_de,quantentunnel.de,block_reason_common
quickinbox_com,quickinbox.com,block_reason_common
qv7_info,qv7.info,block_reason_common
ralib_com,ralib.com,block_reason_common
raubtierbaendiger_de,raubtierbaendiger.de,block_reason_common
rcpt_at,rcpt.at,block_reason_common
recode_me,recode.me,block_reason_common
record_me,record.me,block_reason_common
recursor_net,recursor.net,block_reason_common
regbypass_com,regbypass.com,block_reason_common
regbypass_comsafe_mail_net,regbypass.comsafe-mail.net,block_reason_common
rejectmail_com,rejectmail.com,block_reason_common
rklips_com,rklips.com,block_reason_common
rootprompt_org,rootprompt.org,block_reason_common
rppkn_com,rppkn.com,block_reason_common
rtrtr_com,rtrtr.com,block_reason_common
s0ny_net,s0ny.net,block_reason_common
saeuferleber_de,saeuferleber.de,block_reason_common
safe_mail_net,safe-mail.net,block_reason_common
safersignup_de,safersignup.de,block_reason_common
safetymail_info,safetymail.info,block_reason_common
safetypost_de,safetypost.de,block_reason_common
sags_per_mail_de,sags-per-mail.de,block_reason_common
sandelf_de,sandelf.de,block_reason_common
satka_net,satka.net,block_reason_common
saynotospams_com,saynotospams.com,block_reason_common
schmusemail_de,schmusemail.de,block_reason_common
schreib_doch_mal_wieder_de,schreib-doch-mal-wieder.de,block_reason_common
selfdestructingmail_com,selfdestructingmail.com,block_reason_common
sendspamhere_com,sendspamhere.com,block_reason_common
senseless_entertainment_com,senseless-entertainment.com,block_reason_common
shared_files_de,shared-files.de,block_reason_common
sharklasers_com,sharklasers.com,block_reason_common
shieldedmail_com,shieldedmail.com,block_reason_common
shiftmail_com,shiftmail.com,block_reason_common
shinedyoureyes_com,shinedyoureyes.com,block_reason_common
shitmail_me,shitmail.me,block_reason_common
shortmail_net,shortmail.net,block_reason_common
sibmail_com,sibmail.com,block_reason_common
siria_cc,siria.cc,block_reason_common
skeefmail_com,skeefmail.com,block_reason_common
skeefmail_net,skeefmail.net,block_reason_common
slaskpost_se,slaskpost.se,block_reason_common
slopsbox_com,slopsbox.com,block_reason_common
smellfear_com,smellfear.com,block_reason_common
sms_at,sms.at,block_reason_common
snakemail_com,snakemail.com,block_reason_common
sneakemail_com,sneakemail.com,block_reason_common
sofimail_com,sofimail.com,block_reason_common
sofort_mail_de,sofort-mail.de,block_reason_common
sofortmail_de,sofortmail.de,block_reason_common
sogetthis_com,sogetthis.com,block_reason_common
sonnenkinder_org,sonnenkinder.org,block_reason_common
soodonims_com,soodonims.com,block_reason_common
spam_la,spam.la,block_reason_common
spam_su,spam.su,block_reason_common
spamavert_com,spamavert.com,block_reason_common
spambob_com,spambob.com,block_reason_common
spambob_net,spambob.net,block_reason_common
spambob_org,spambob.org,block_reason_common
spambog_asterisk,spambog.*,block_reason_common
spambog_com,spambog.com,block_reason_common
spambog_de,spambog.de,block_reason_common
spambog_ru,spambog.ru,block_reason_common
spambox_info,spambox.info,block_reason_common
spambox_irishspringrealty_com,spambox.irishspringrealty.com,block_reason_common
spambox_us,spambox.us,block_reason_common
spamcannon_com,spamcannon.com,block_reason_common
spamcannon_net,spamcannon.net,block_reason_common
spamcero_com,spamcero.com,block_reason_common
spamcon_org,spamcon.org,block_reason_common
spamcorptastic_com,spamcorptastic.com,block_reason_common
spamcowboy_com,spamcowboy.com,block_reason_common
spamcowboy_net,spamcowboy.net,block_reason_common
spamcowboy_org,spamcowboy.org,block_reason_common
spamday_com,spamday.com,block_reason_common
spameater_com,spameater.com,block_reason_common
spameater_org,spameater.org,block_reason_common
spamex_com,spamex.com,block_reason_common
spamfree_eu,spamfree.eu,block_reason_common
spamfree24_com,spamfree24.com,block_reason_common
spamfree24_de,spamfree24.de,block_reason_common
spamfree24_eu,spamfree24.eu,block_reason_common
spamfree24_info,spamfree24.info,block_reason_common
spamfree24_net,spamfree24.net,block_reason_common
spamfree24_org,spamfree24.org,block_reason_common
spamgourmet_com,spamgourmet.com,block_reason_common
spamgourmet_net,spamgourmet.net,block_reason_common
spamgourmet_org,spamgourmet.org,block_reason_common
spamgrube_net,spamgrube.net,block_reason_common
spamherelots_com,spamherelots.com,block_reason_common
spamhereplease_com,spamhereplease.com,block_reason_common
spamhole_com,spamhole.com,block_reason_common
spamify_com,spamify.com,block_reason_common
spaminator_de,spaminator.de,block_reason_common
spamkill_info,spamkill.info,block_reason_common
spaml_com,spaml.com,block_reason_common
spaml_de,spaml.de,block_reason_common
spammote_com,spammote.com,block_reason_common
spammotel_com,spammotel.com,block_reason_common
spammuffel_de,spammuffel.de,block_reason_common
spamobox_com,spamobox.com,block_reason_common
spamoff_de,spamoff.de,block_reason_common
spamreturn_com,spamreturn.com,block_reason_common
spamslicer_com,spamslicer.com,block_reason_common
spamspot_com,spamspot.com,block_reason_common
spamthis_co_uk,spamthis.co.uk,block_reason_common
spamthisplease_com,spamthisplease.com,block_reason_common
spamtrail_com,spamtrail.com,block_reason_common
speed_1s_fr,speed.1s.fr,block_reason_common
sperke_net,sperke.net,block_reason_common
sriaus_com,sriaus.com,block_reason_common
streber24_de,streber24.de,block_reason_common
super_auswahl_de,super-auswahl.de,block_reason_common
supergreatmail_com,supergreatmail.com,block_reason_common
supermailer_jp,supermailer.jp,block_reason_common
suremail_info,suremail.info,block_reason_common
sweetville_net,sweetville.net,block_reason_common
tagesmail_eu,tagesmail.eu,block_reason_common
teewars_org,teewars.org,block_reason_common
teleworm_com,teleworm.com,block_reason_common
temp_mail_com,temp-mail.com,block_reason_common
temp_mail_org,temp-mail.org,block_reason_common
tempail_com,tempail.com,block_reason_common
tempalias_com,tempalias.com,block_reason_common
tempe_mail_com,tempe-mail.com,block_reason_common
tempemail_biz,tempemail.biz,block_reason_common
tempemail_com,tempemail.com,block_reason_common
tempemail_net,tempemail.net,block_reason_common
tempinbox_co_uk,tempinbox.co.uk,block_reason_common
tempinbox_com,tempinbox.com,block_reason_common
tempmail_it,tempmail.it,block_reason_common
tempmail2_com,tempmail2.com,block_reason_common
tempomail_fr,tempomail.fr,block_reason_common
temporarily_de,temporarily.de,block_reason_common
temporarioemail_com_br,temporarioemail.com.br,block_reason_common
temporaryemail_net,temporaryemail.net,block_reason_common
temporaryforwarding_com,temporaryforwarding.com,block_reason_common
temporaryinbox_com,temporaryinbox.com,block_reason_common
terminverpennt_de,terminverpennt.de,block_reason_common
test_com,test.com,block_reason_common
test_de,test.de,block_reason_common
thanksnospam_info,thanksnospam.info,block_reason_common
thankyou2010_com,thankyou2010.com,block_reason_common
thepryam_info,thepryam.info,block_reason_common
thisisnotmyrealemail_com,thisisnotmyrealemail.com,block_reason_common
throwawayemailaddress_com,throwawayemailaddress.com,block_reason_common
tilien_com,tilien.com,block_reason_common
tmailinator_com,tmailinator.com,block_reason_common
topmail_files_de,topmail-files.de,block_reason_common
tortenboxer_de,tortenboxer.de,block_reason_common
totalmail_de,totalmail.de,block_reason_common
tradermail_info,tradermail.info,block_reason_common
trash_amil_com,trash-amil.com,block_reason_common
trash_mail_at,trash-mail.at,block_reason_common
trash_mail_com,trash-mail.com,block_reason_common
trash_mail_de,trash-mail.de,block_reason_common
trash2009_com,trash2009.com,block_reason_common
trashbox_eu,trashbox.eu,block_reason_common
trashdevil_com,trashdevil.com,block_reason_common
trashdevil_de,trashdevil.de,block_reason_common
trashemail_de,trashemail.de,block_reason_common
trashmail_at,trashmail.at,block_reason_common
trashmail_com,trashmail.com,block_reason_common
trashmail_de,trashmail.de,block_reason_common
trashmail_me,trashmail.me,block_reason_common
trashmail_net,trashmail.net,block_reason_common
trashmail_org,trashmail.org,block_reason_common
trashmail_ws,trashmail.ws,block_reason_common
trashmailer_com,trashmailer.com,block_reason_common
trashymail_com,trashymail.com,block_reason_common
trashymail_net,trashymail.net,block_reason_common
trillianpro_com,trillianpro.com,block_reason_common
trimix_cn,trimix.cn,block_reason_common
turboprinz_de,turboprinz.de,block_reason_common
turboprinzessin_de,turboprinzessin.de,block_reason_common
turual_com,turual.com,block_reason_common
twinmail_de,twinmail.de,block_reason_common
tyldd_com,tyldd.com,block_reason_common
uggsrock_com,uggsrock.com,block_reason_common
uk2_net,uk2.net,block_reason_common
ukr_net,ukr.net,block_reason_common
unterderbruecke_de,unterderbruecke.de,block_reason_common
upliftnow_com,upliftnow.com,block_reason_common
uplipht_com,uplipht.com,block_reason_common
venompen_com,venompen.com,block_reason_common
verlass_mich_nicht_de,verlass-mich-nicht.de,block_reason_common
veryrealemail_com,veryrealemail.com,block_reason_common
viditag_com,viditag.com,block_reason_common
viewcastmedia_com,viewcastmedia.com,block_reason_common
viewcastmedia_net,viewcastmedia.net,block_reason_common
viewcastmedia_org,viewcastmedia.org,block_reason_common
vinbazar_com,vinbazar.com,block_reason_common
vollbio_de,vollbio.de,block_reason_common
volloeko_de,volloeko.de,block_reason_common
vorsicht_bissig_de,vorsicht-bissig.de,block_reason_common
vorsicht_scharf_de,vorsicht-scharf.de,block_reason_common
walala_org,walala.org,block_reason_common
war_im_urlaub_de,war-im-urlaub.de,block_reason_common
wbb3_de,wbb3.de,block_reason_common
webm4il_info,webm4il.info,block_reason_common
webmail4u_eu,webmail4u.eu,block_reason_common
wegwerfadresse_de,wegwerfadresse.de,block_reason_common
wegwerfemail_com,wegwerfemail.com,block_reason_common
wegwerfemail_de,wegwerfemail.de,block_reason_common
wegwerfmail_de,wegwerfmail.de,block_reason_common
wegwerfmail_net,wegwerfmail.net,block_reason_common
wegwerfmail_org,wegwerfmail.org,block_reason_common
weibsvolk_de,weibsvolk.de,block_reason_common
weibsvolk_org,weibsvolk.org,block_reason_common
weinenvorglueck_de,weinenvorglueck.de,block_reason_common
wetrainbayarea_com,wetrainbayarea.com,block_reason_common
wetrainbayarea_org,wetrainbayarea.org,block_reason_common
wh4f_org,wh4f.org,block_reason_common
whopy_com,whopy.com,block_reason_common
whyspam_me,whyspam.me,block_reason_common
will_hier_weg_de,will-hier-weg.de,block_reason_common
willhackforfood_biz,willhackforfood.biz,block_reason_common
willselfdestruct_com,willselfdestruct.com,block_reason_common
winemaven_info,winemaven.info,block_reason_common
wir_haben_nachwuchs_de,wir-haben-nachwuchs.de,block_reason_common
wir_sind_cool_org,wir-sind-cool.org,block_reason_common
wirsindcool_de,wirsindcool.de,block_reason_common
wolke7_net,wolke7.net,block_reason_common
women_at_work_org,women-at-work.org,block_reason_common
wormseo_cn,wormseo.cn,block_reason_common
wronghead_com,wronghead.com,block_reason_common
wuzup_net,wuzup.net,block_reason_common
wuzupmail_net,wuzupmail.net,block_reason_common
wwwnew_eu,wwwnew.eu,block_reason_common
xagloo_com,xagloo.com,block_reason_common
xemaps_com,xemaps.com,block_reason_common
xents_com,xents.com,block_reason_common
xmail_com,xmail.com,block_reason_common
xmaily_com,xmaily.com,block_reason_common
xoxy_net,xoxy.net,block_reason_common
xsecurity_org,xsecurity.org,block_reason_common
yep_it,yep.it,block_reason_common
yesey_net,yesey.net,block_reason_common
yogamaven_com,yogamaven.com,block_reason_common
yopmail_com,yopmail.com,block_reason_common
yopmail_fr,yopmail.fr,block_reason_common
yopmail_net,yopmail.net,block_reason_common
yopweb_com,yopweb.com,block_reason_common
youmailr_com,youmailr.com,block_reason_common
ystea_org,ystea.org,block_reason_common
yuurok_com,yuurok.com,block_reason_common
yzbid_com,yzbid.com,block_reason_common
zehnminutenmail_de,zehnminutenmail.de,block_reason_common
zippymail_info,zippymail.info,block_reason_common
zoemail_com,zoemail.com,block_reason_common
zoemail_net,zoemail.net,block_reason_common
zoemail_org,zoemail.org,block_reason_common
zweb_in,zweb.in,block_reason_common
